{"cameraMode":{"drawMode":0,"name":"Shaded","section":"Shading Mode"},"sceneLighting":false,"audioPlay":false,"sceneViewState":{"showFog":true,"showMaterialUpdate":false,"showSkybox":false,"showFlares":true,"showImageEffects":true,"showParticleSystems":true},"in2DMode":false,"pivot":{"x":419.3323974609375,"y":155.97225952148438,"z":-4.03125},"rotation":{"x":-0.0014640409499406815,"y":0.9984239339828491,"z":-0.031460776925086978,"w":-0.046460289508104327},"size":79.52385711669922,"orthographic":true}