{"cameraMode":{"drawMode":0,"name":"Shaded","section":"Shading Mode"},"sceneLighting":false,"audioPlay":false,"sceneViewState":{"showFog":true,"showMaterialUpdate":false,"showSkybox":false,"showFlares":true,"showImageEffects":true,"showParticleSystems":true},"in2DMode":false,"pivot":{"x":136.1999969482422,"y":2.8000001907348635,"z":-30.81500244140625},"rotation":{"x":0.7071060538291931,"y":0.0010606598807498813,"z":-0.0010606598807498813,"w":0.7071060538291931},"size":45.288848876953128,"orthographic":true}