{"cameraMode":{"drawMode":0,"name":"Shaded","section":"Shading Mode"},"sceneLighting":false,"audioPlay":false,"sceneViewState":{"showFog":true,"showMaterialUpdate":false,"showSkybox":false,"showFlares":true,"showImageEffects":true,"showParticleSystems":true},"in2DMode":false,"pivot":{"x":163.5449981689453,"y":2.8000001907348635,"z":-84.30000305175781},"rotation":{"x":0.7071060538291931,"y":0.0010606598807498813,"z":-0.0010606598807498813,"w":0.7071060538291931},"size":54.94942092895508,"orthographic":true}