{"cameraMode":{"drawMode":0,"name":"Shaded","section":"Shading Mode"},"sceneLighting":false,"audioPlay":false,"sceneViewState":{"showFog":true,"showMaterialUpdate":false,"showSkybox":false,"showFlares":true,"showImageEffects":true,"showParticleSystems":true},"in2DMode":false,"pivot":{"x":-8.5610933303833,"y":0.6216374635696411,"z":-58.359588623046878},"rotation":{"x":0.20221784710884095,"y":0.5333476662635803,"z":-0.13306577503681184,"w":0.8105204701423645},"size":3.2979376316070558,"orthographic":false}